contig	contig_len	ribo_start	ribo_end	strand	ribo_bitscore	exporter	orf	orf_start	orf_end	gap	window_orfs	edge_dist	mge_in_window
NODE_150_length_75044_cov_3.398692	75044	43342	43404	-	56.5	CLC^F	NODE_150_length_75044_cov_3.398692_44	41941	43254	87	20	31640	0
NODE_18795_length_1594_cov_0.645485	1594	415	481	-	52.2	CLC^F	NODE_18795_length_1594_cov_0.645485_1	3	374	40	2	3	0
NODE_21027_length_1468_cov_0.520088	1468	501	567	+	51.1	CrcB	NODE_21027_length_1468_cov_0.520088_2	621	1022	53	2	446	0
NODE_7753_length_3030_cov_0.350734	3030	2801	2868	-	49.6	CLC^F	NODE_7753_length_3030_cov_0.350734_3	1359	2771	29	2	162	0
NODE_11234_length_2327_cov_0.372980	2327	1912	1984	+	47.3	CrcB	NODE_11234_length_2327_cov_0.372980_4	2050	2325	65	3	2	0
NODE_3630_length_5355_cov_0.417618	5355	1085	1161	+	46.1	CLC^F	NODE_3630_length_5355_cov_0.417618_2	1189	3027	27	4	1085	0
NODE_1311_length_12700_cov_1.139830	12700	8783	8844	-	46.0	CrcB	NODE_1311_length_12700_cov_1.139830_13	8294	8680	102	15	3856	1
NODE_10_length_442718_cov_2.935974	442718	168145	168217	+	43.1	CrcB	NODE_10_length_442718_cov_2.935974_165	168278	168673	60	20	168145	0
NODE_177_length_67856_cov_35.660257	67856	6394	6489	+	38.6	CrcB	NODE_177_length_67856_cov_35.660257_8	6553	6936	63	17	6394	0
