orf	contig	start	end	strand	type
NODE_5415_length_5180_cov_0.278685_5	NODE_5415_length_5180_cov_0.278685	1916	2287	+	CrcB
NODE_118_length_121232_cov_0.897699_19	NODE_118_length_121232_cov_0.897699	20830	21195	-	CrcB
NODE_166_length_92396_cov_6.110296_70	NODE_166_length_92396_cov_6.110296	76777	77175	+	CrcB
NODE_255_length_66040_cov_0.477927_61	NODE_255_length_66040_cov_0.477927	54749	55144	+	CrcB
NODE_6819_length_4183_cov_0.473310_4	NODE_6819_length_4183_cov_0.473310	2753	3133	-	CrcB
NODE_1127_length_19921_cov_0.410655_11	NODE_1127_length_19921_cov_0.410655	7687	8088	+	CrcB
NODE_1127_length_19921_cov_0.410655_22	NODE_1127_length_19921_cov_0.410655	16895	18733	-	CLC^F
NODE_3695_length_7361_cov_0.357890_7	NODE_3695_length_7361_cov_0.357890	5850	6233	-	CrcB
NODE_13122_length_2168_cov_2.278879_3	NODE_13122_length_2168_cov_2.278879	1602	1979	-	CrcB
NODE_3831_length_7112_cov_0.701412_4	NODE_3831_length_7112_cov_0.701412	4060	4437	+	CrcB
NODE_10214_length_2830_cov_0.464299_2	NODE_10214_length_2830_cov_0.464299	311	691	-	CrcB
NODE_41_length_233166_cov_35.930694_8	NODE_41_length_233166_cov_35.930694	6553	6936	+	CrcB
NODE_279_length_61216_cov_14.519103_22	NODE_279_length_61216_cov_14.519103	18955	19338	+	CrcB
NODE_6105_length_4626_cov_0.354319_8	NODE_6105_length_4626_cov_0.354319	3655	4017	+	CrcB
NODE_10778_length_2674_cov_0.434951_2	NODE_10778_length_2674_cov_0.434951	147	524	-	CrcB
NODE_185_length_83467_cov_1.484119_59	NODE_185_length_83467_cov_1.484119	63438	63821	-	CrcB
NODE_319_length_54440_cov_13.487588_29	NODE_319_length_54440_cov_13.487588	32587	32982	+	CrcB
NODE_263_length_63920_cov_0.659203_30	NODE_263_length_63920_cov_0.659203	30576	30953	-	CrcB
NODE_430_length_42907_cov_1.276677_51	NODE_430_length_42907_cov_1.276677	40961	41344	+	CrcB
NODE_17_length_414835_cov_0.882663_7	NODE_17_length_414835_cov_0.882663	4587	4973	+	CrcB
NODE_3_length_1307720_cov_4.179144_914	NODE_3_length_1307720_cov_4.179144	924530	924916	-	CrcB
NODE_2804_length_9404_cov_0.399893_1	NODE_2804_length_9404_cov_0.399893	201	614	-	CrcB
NODE_304_length_56914_cov_0.532799_22	NODE_304_length_56914_cov_0.532799	12499	12876	+	CrcB
NODE_2713_length_9642_cov_0.609242_8	NODE_2713_length_9642_cov_0.609242	7078	7464	-	CrcB
NODE_223_length_72121_cov_42.310544_46	NODE_223_length_72121_cov_42.310544	46947	47330	+	CrcB
NODE_2313_length_11064_cov_1.747925_5	NODE_2313_length_11064_cov_1.747925	2788	3171	-	CrcB
NODE_86_length_148831_cov_6.526000_60	NODE_86_length_148831_cov_6.526000	65033	65416	-	CrcB
NODE_68_length_171397_cov_4.956316_54	NODE_68_length_171397_cov_4.956316	46352	46735	+	CrcB
NODE_4_length_1181443_cov_50.194782_796	NODE_4_length_1181443_cov_50.194782	780637	781026	+	CrcB
NODE_22314_length_1241_cov_0.347636_3	NODE_22314_length_1241_cov_0.347636	789	1181	+	CrcB
NODE_295_length_58344_cov_0.803605_36	NODE_295_length_58344_cov_0.803605	35083	35472	+	CrcB
NODE_447_length_41706_cov_2.463023_16	NODE_447_length_41706_cov_2.463023	14793	15176	-	CrcB
NODE_150_length_99761_cov_5.248239_49	NODE_150_length_99761_cov_5.248239	54941	55324	-	CrcB
NODE_1960_length_12700_cov_1.139830_13	NODE_1960_length_12700_cov_1.139830	8294	8680	-	CrcB
NODE_2_length_2252419_cov_18.445144_1742	NODE_2_length_2252419_cov_18.445144	1866626	1867009	+	CrcB
NODE_14_length_457108_cov_2.954935_256	NODE_14_length_457108_cov_2.954935	288424	288819	-	CrcB
NODE_15430_length_1837_cov_0.281358_2	NODE_15430_length_1837_cov_0.281358	650	994	-	CrcB
NODE_211_length_75051_cov_3.379069_42	NODE_211_length_75051_cov_3.379069	41195	41581	-	CrcB
NODE_211_length_75051_cov_3.379069_44	NODE_211_length_75051_cov_3.379069	41948	43261	-	CLC^F
NODE_4987_length_5608_cov_0.306226_7	NODE_4987_length_5608_cov_0.306226	3658	4032	+	CrcB
NODE_164_length_93084_cov_18.147734_34	NODE_164_length_93084_cov_18.147734	36638	37051	-	CrcB
NODE_630_length_32136_cov_5.758061_19	NODE_630_length_32136_cov_5.758061	16747	17136	+	CrcB
NODE_12314_length_2327_cov_0.372980_4	NODE_12314_length_2327_cov_0.372980	2050	2325	+	CrcB
NODE_1961_length_12700_cov_0.260694_3	NODE_1961_length_12700_cov_0.260694	1346	1660	+	CrcB
NODE_17184_length_1638_cov_0.421702_1	NODE_17184_length_1638_cov_0.421702	2	265	-	CrcB
NODE_26_length_345597_cov_2.805165_287	NODE_26_length_345597_cov_2.805165	318627	320324	+	other_CLC
NODE_3573_length_7600_cov_0.222637_1	NODE_3573_length_7600_cov_0.222637	121	1530	-	other_CLC
NODE_177_length_86931_cov_1.489255_2	NODE_177_length_86931_cov_1.489255	375	1757	+	other_CLC
NODE_180_length_86086_cov_45.390652_10	NODE_180_length_86086_cov_45.390652	8389	9567	+	other_CLC
NODE_56_length_183766_cov_2.661921_26	NODE_56_length_183766_cov_2.661921	35577	36989	-	other_CLC
NODE_6446_length_4402_cov_2.664420_5	NODE_6446_length_4402_cov_2.664420	3298	4401	-	other_CLC
NODE_3062_length_8739_cov_1.318056_5	NODE_3062_length_8739_cov_1.318056	5055	6452	+	other_CLC
NODE_1314_length_17605_cov_1.352622_13	NODE_1314_length_17605_cov_1.352622	15256	16995	+	other_CLC
NODE_6397_length_4431_cov_0.370729_4	NODE_6397_length_4431_cov_0.370729	3000	4349	-	CLC^F
NODE_25_length_352633_cov_0.740799_115	NODE_25_length_352633_cov_0.740799	132097	133476	-	other_CLC
NODE_15_length_437010_cov_4.773910_259	NODE_15_length_437010_cov_4.773910	242634	244013	+	other_CLC
NODE_10118_length_2860_cov_0.432452_2	NODE_10118_length_2860_cov_0.432452	615	1967	-	other_CLC
NODE_65_length_178110_cov_7.016375_75	NODE_65_length_178110_cov_7.016375	75331	76668	-	other_CLC
NODE_436_length_42214_cov_0.778939_32	NODE_436_length_42214_cov_0.778939	23454	24863	-	other_CLC
NODE_9858_length_2929_cov_0.306007_3	NODE_9858_length_2929_cov_0.306007	377	1522	+	other_CLC
NODE_183_length_84418_cov_1.574129_67	NODE_183_length_84418_cov_1.574129	80356	81780	-	other_CLC
NODE_13534_length_2102_cov_0.417374_3	NODE_13534_length_2102_cov_0.417374	760	2100	-	other_CLC
NODE_10380_length_2782_cov_0.333955_1	NODE_10380_length_2782_cov_0.333955	1	1188	-	CLC^F
NODE_9612_length_3001_cov_0.569607_2	NODE_9612_length_3001_cov_0.569607	396	1781	-	CLC^F
NODE_1_length_2434209_cov_12.904375_1633	NODE_1_length_2434209_cov_12.904375	1771974	1773281	+	CLC^F
NODE_1687_length_14370_cov_2.213720_6	NODE_1687_length_14370_cov_2.213720	3270	5039	+	other_CLC
NODE_9135_length_3152_cov_0.491648_1	NODE_9135_length_3152_cov_0.491648	3	1205	+	other_CLC
NODE_575_length_34322_cov_0.483651_18	NODE_575_length_34322_cov_0.483651	16476	17663	+	other_CLC
NODE_575_length_34322_cov_0.483651_19	NODE_575_length_34322_cov_0.483651	17612	18271	+	other_CLC
NODE_39_length_246398_cov_5.913995_62	NODE_39_length_246398_cov_5.913995	68845	70701	+	other_CLC
NODE_6243_length_4538_cov_0.385447_3	NODE_6243_length_4538_cov_0.385447	1405	3162	+	other_CLC
NODE_9515_length_3030_cov_0.350734_3	NODE_9515_length_3030_cov_0.350734	1359	2771	-	CLC^F
NODE_15513_length_1827_cov_0.790509_1	NODE_15513_length_1827_cov_0.790509	3	770	+	other_CLC
NODE_8638_length_3341_cov_0.414559_3	NODE_8638_length_3341_cov_0.414559	2685	3341	-	other_CLC
NODE_16185_length_1743_cov_0.204988_2	NODE_16185_length_1743_cov_0.204988	432	1274	+	other_CLC
NODE_16185_length_1743_cov_0.204988_1	NODE_16185_length_1743_cov_0.204988	1	492	+	other_CLC
NODE_8689_length_3322_cov_0.374496_5	NODE_8689_length_3322_cov_0.374496	2649	3320	+	other_CLC
NODE_10834_length_2664_cov_0.405068_2	NODE_10834_length_2664_cov_0.405068	1965	2663	+	other_CLC
NODE_10655_length_2707_cov_2.439801_4	NODE_10655_length_2707_cov_2.439801	2252	2707	+	other_CLC
NODE_6868_length_4158_cov_0.327421_5	NODE_6868_length_4158_cov_0.327421	3809	4156	-	CLC^F
NODE_12257_length_2340_cov_0.351183_3	NODE_12257_length_2340_cov_0.351183	1693	2340	+	other_CLC
NODE_13585_length_2094_cov_0.331328_4	NODE_13585_length_2094_cov_0.331328	1845	2093	+	CLC^F
